{
  "computation": {
    "n_zeros": 1000,
    "precision_digits": 100,
    "gpu": "NVIDIA GeForce RTX 5070 Ti",
    "tf32_enabled": true,
    "time_zeros_sec": 260.42,
    "time_gue_sec": 0.79,
    "time_corr_ms": 684.69,
    "time_r2_ms": 4380.05
  },
  "zeros": {
    "gamma_1": 14.134725141734695,
    "gamma_100": 236.5242296658162,
    "gamma_500": 811.1843588465063,
    "gamma_1000": 1419.4224809459956,
    "first_20": [
      14.134725141735,
      21.022039638772,
      25.010857580146,
      30.42487612586,
      32.935061587739,
      37.586178158826,
      40.918719012148,
      43.327073280915,
      48.005150881167,
      49.773832477672,
      52.970321477714,
      56.446247697063,
      59.347044002602,
      60.83177852461,
      65.112544048082,
      67.079810529494,
      69.546401711174,
      72.067157674482,
      75.704690699084,
      77.144840068875
    ]
  },
  "spacings": {
    "n": 999,
    "mean": 0.999979890813,
    "std": 0.379941797104,
    "skew": 0.467324152794,
    "kurtosis": -0.099076096365,
    "min": 0.137627578815,
    "max": 2.202466870977
  },
  "gue_comparison": {
    "n_matrices": 200,
    "matrix_size": 100,
    "n_gue_spacings": 19800,
    "ks_statistic": 0.1741741742,
    "ks_p_value": 0.0,
    "ad_statistic": 40.90601169,
    "ad_p_value": 0.001
  },
  "correlation": {
    "window": 10,
    "mean_abs_correlation": 0.1176917404,
    "max_abs_correlation": 0.4049890041
  },
  "pair_correlation": {
    "mse_vs_gue_r2": 0.751662313938
  },
  "conclusion": "GUE_DEVIATION"
}