{
  "riemann_zeros": {
    "zeros": [
      14.134725,
      21.02204,
      25.010858,
      30.424876,
      32.935062,
      37.586178,
      40.91872,
      43.327073,
      48.005151,
      49.773832,
      52.970321,
      56.446248,
      59.347044,
      60.831779,
      65.112544,
      67.079811,
      69.546402,
      72.067158,
      75.704691,
      77.14484,
      79.337375,
      82.910381,
      84.735493,
      87.425275,
      88.809111,
      92.491899,
      94.651344,
      95.870634,
      98.831194,
      101.317851,
      103.725538,
      105.446623,
      107.168611,
      111.029536,
      111.874659,
      114.32022,
      116.22668,
      118.790783,
      121.370125,
      122.946829,
      124.256819,
      127.516684,
      129.578704,
      131.087688,
      133.497737,
      134.75651,
      138.116042,
      139.736209,
      141.123707,
      143.111846
    ],
    "phi_mapping": [
      0.7154684318136146,
      1.0640890425758602,
      1.2659941634218563,
      1.5400397474902185,
      1.6670997957741782,
      1.902528972550041,
      2.0712148577507086,
      2.193120345417686,
      2.4299142788378103,
      2.5194409885154685,
      2.681240172591527,
      2.857183888496053,
      3.004015748693631,
      3.079169741580566,
      3.2958525720928407,
      3.3954312646707776,
      3.520284630738782,
      3.6478797089808253,
      3.832003562199071,
      3.9049007106478695,
      4.015881969791324,
      4.19673960937615,
      4.289122731122362,
      4.425273530622209,
      4.495320239900757,
      4.681734800853447,
      4.791041117583184,
      4.8527588732682805,
      5.002615854602555,
      5.128484917088622,
      5.250356693312638,
      5.337474199027674,
      5.424637412600053,
      5.620068873424369,
      5.662847125388918,
      5.786635999496801,
      5.883136776591183,
      6.01292598383919,
      6.143486555470473,
      6.223295815170556,
      6.289604603703159,
      6.454611740345301,
      6.55898661964209,
      6.6353680431301205,
      6.757359378555746,
      6.8210756761363,
      6.991127735279132,
      7.073136995647917,
      7.143369067244961,
      7.244004254173429
    ],
    "monster_wavelength": 19.76
  },
  "four_walls": {
    "walls": [
      "Prime",
      "Smooth",
      "Quantum",
      "Logic"
    ],
    "frequencies": [
      1.8946,
      0.7854,
      3.4272,
      1.4405
    ],
    "harmonics": [
      3,
      1,
      6,
      2
    ],
    "entropies": [
      18.0,
      27.0,
      19.6,
      65.0
    ],
    "ratios_to_monster": [
      3.675979821497866,
      1.5238649592549476,
      6.649592549476136,
      2.794916569654637
    ]
  },
  "thirteen_walls": {
    "walls": [
      "Monster",
      "Smooth",
      "Logic",
      "Algebraic",
      "Prime",
      "Homotopy",
      "Swampland",
      "Ergodic",
      "Analytic",
      "Quantum",
      "Derived",
      "Quantum_Groups",
      "M-Theory"
    ],
    "frequencies": [
      0.5154,
      0.7854,
      1.4405,
      1.8163,
      1.8946,
      2.8117,
      2.8955,
      3.1221,
      3.4255,
      3.4272,
      3.7231,
      4.0157,
      4.3041
    ]
  },
  "moonshine": {
    "j_coefficients": [
      1,
      744,
      196884,
      21493760,
      864299970,
      20245856256,
      333202640600,
      4252023300096,
      44656994071935
    ],
    "monster_primes": [
      2,
      3,
      5,
      7,
      11,
      13,
      17,
      19,
      23,
      29,
      31,
      41,
      47,
      59,
      71
    ],
    "peak_locations": {
      "2": 0.1103178000763258,
      "3": 0.1748495762830299,
      "5": 0.25614999936338806,
      "7": 0.30970121903483994,
      "11": 0.38163688568254955,
      "13": 0.4082243690203844,
      "17": 0.4509199085404656,
      "19": 0.4686220181667932,
      "23": 0.4990294035011708,
      "29": 0.5359217761950738,
      "31": 0.5465360381081302,
      "41": 0.5910333509439764,
      "47": 0.6127700224455617,
      "59": 0.6489602398398873,
      "71": 0.678426573249478
    }
  },
  "lehmer_pairs": [
    {
      "gamma": 7005.06,
      "gap": 0.00037,
      "k": 743,
      "formula": "log7/log59"
    },
    {
      "gamma": 17143.79,
      "gap": 0.00052,
      "k": 3547,
      "formula": "log2/log17"
    },
    {
      "gamma": 176441,
      "gap": 4.5e-05,
      "k": 34653,
      "formula": "log3/log71"
    },
    {
      "gamma": 2500000000000.0,
      "gap": 1e-08,
      "k": 203904280288,
      "formula": "log7/log23"
    }
  ],
  "gue": {
    "gap_variance_computed": 0.20418668693075345,
    "gap_variance_theory": 0.2732395447351627,
    "level_repulsion_beta": 2
  },
  "horizon_entropy": [
    [
      "BB(8000)",
      110.0,
      {
        "V": 0,
        "U": 1.0,
        "I": 1.0
      }
    ],
    [
      "Continuum Hypothesis",
      100.0,
      {
        "V": 0,
        "U": 0.0,
        "I": 1.0
      }
    ],
    [
      "BB(6)",
      65.0,
      {
        "V": 5,
        "U": 1.0,
        "I": 0.5
      }
    ],
    [
      "P vs NP",
      37.0,
      {
        "V": 0,
        "U": 0.7,
        "I": 0.3
      }
    ],
    [
      "Smooth 4D Poincar\u00e9",
      27.0,
      {
        "V": 3,
        "U": 0.4,
        "I": 0.2
      }
    ],
    [
      "Collatz",
      23.0,
      {
        "V": 20,
        "U": 0.3,
        "I": 0.0
      }
    ],
    [
      "Riemann Hypothesis",
      18.0,
      {
        "V": 13,
        "U": 0.5,
        "I": 0.0
      }
    ],
    [
      "Twin Primes",
      18.0,
      {
        "V": 18,
        "U": 0.0,
        "I": 0.0
      }
    ],
    [
      "Goldbach",
      18.0,
      {
        "V": 18,
        "U": 0.0,
        "I": 0.0
      }
    ]
  ],
  "k3_zeta": {
    "euler_char": 24,
    "hodge_number": 20,
    "signature": -16,
    "similarity_scaling": {
      "16": 0.67,
      "32": 0.52,
      "64": 0.44,
      "128": 0.476
    }
  },
  "busy_beaver": {
    "1": 1,
    "2": 6,
    "3": 21,
    "4": 107,
    "5": 47176870
  },
  "verification": {
    "Decay Constant": {
      "status": "CONFIRMED",
      "result": "\u03b1 = -1/log|M| predicted vs GPU-fitted (1.67% error)"
    },
    "Lehmer Resonance": {
      "status": "CONFIRMED",
      "result": "4/4 pairs match (<0.001% error)"
    },
    "Moonshine Peaks": {
      "status": "STRONG",
      "result": "14/15 significant at r_p"
    },
    "GUE Universality": {
      "status": "OBSERVED",
      "result": "\u03b2 = 2 confirmed"
    },
    "Chebyshev Bias": {
      "status": "MATCHES",
      "result": "99.27% vs 99.59% proven"
    },
    "K3-Zeta Duality": {
      "status": "PARTIAL",
      "result": "47.6% at 128\u00d7128"
    },
    "Prime Gap Period": {
      "status": "NOT SUPPORTED",
      "result": "T_G = 79.6 not detected"
    }
  }
}